"active_pool_ids",author,"eai:acl.app","eai:acl.can_list","eai:acl.can_write","eai:acl.modifiable","eai:acl.owner","eai:acl.perms.read","eai:acl.perms.write","eai:acl.removable","eai:acl.sharing",id,label,"pool_ids","pool_suggestion",published,"splunk_server","stack_ids",title,updated,"warning_count"
"auto_generated_pool_enterprise",nobody,system,1,1,0,nobody,"admin
splunk-system-role","admin
splunk-system-role",0,system,"https://127.0.0.1:8089/servicesNS/nobody/system/licenser/slaves/442992B0-4521-46C9-B811-DCC78224C6F1","nstone-mbp15","auto_generated_pool_enterprise
auto_generated_pool_forwarder
auto_generated_pool_free","","","nstone-mbp15","enterprise
forwarder
free","442992B0-4521-46C9-B811-DCC78224C6F1","1969-12-31T16:00:00-08:00",0
