author,description,"eai:acl.app","eai:acl.can_list","eai:acl.can_write","eai:acl.modifiable","eai:acl.owner","eai:acl.perms.read","eai:acl.perms.write","eai:acl.removable","eai:acl.sharing","effective_quota",id,"is_unlimited",published,quota,slaves,"slaves_usage_bytes","slaves_usage_bytes.442992B0-4521-46C9-B811-DCC78224C6F1","splunk_server","stack_id",title,updated,"used_bytes"
nobody,"auto_generated_pool_enterprise",system,1,1,0,nobody,"admin
splunk-system-role","admin
splunk-system-role",0,system,64424509440,"https://127.0.0.1:8089/servicesNS/nobody/system/licenser/pools/auto_generated_pool_enterprise",0,"",MAX,,,19304,"nstone-mbp15",enterprise,"auto_generated_pool_enterprise","1969-12-31T16:00:00-08:00",19304
nobody,"auto_generated_pool_forwarder",system,1,1,0,nobody,"admin
splunk-system-role","admin
splunk-system-role",0,system,1048576,"https://127.0.0.1:8089/servicesNS/nobody/system/licenser/pools/auto_generated_pool_forwarder",0,"",MAX,,"",,"nstone-mbp15",forwarder,"auto_generated_pool_forwarder","1969-12-31T16:00:00-08:00",0
nobody,"auto_generated_pool_free",system,1,1,0,nobody,"admin
splunk-system-role","admin
splunk-system-role",0,system,524288000,"https://127.0.0.1:8089/servicesNS/nobody/system/licenser/pools/auto_generated_pool_free",0,"",MAX,,"",,"nstone-mbp15",free,"auto_generated_pool_free","1969-12-31T16:00:00-08:00",0
