author,"eai:acl.app","eai:acl.can_list","eai:acl.can_write","eai:acl.modifiable","eai:acl.owner","eai:acl.perms.read","eai:acl.perms.write","eai:acl.removable","eai:acl.sharing",id,"is_active",published,"splunk_server","stack_ids",title,updated
system,"",1,1,0,system,"admin
splunk-system-role","admin
splunk-system-role",0,system,"https://127.0.0.1:8089/services/licenser/groups/Enterprise",1,"","nstone-mbp15",enterprise,Enterprise,"1969-12-31T16:00:00-08:00"
system,"",1,1,0,system,"admin
splunk-system-role","admin
splunk-system-role",0,system,"https://127.0.0.1:8089/services/licenser/groups/Forwarder",0,"","nstone-mbp15",forwarder,Forwarder,"1969-12-31T16:00:00-08:00"
system,"",1,1,0,system,"admin
splunk-system-role","admin
splunk-system-role",0,system,"https://127.0.0.1:8089/services/licenser/groups/Free",0,"","nstone-mbp15",free,Free,"1969-12-31T16:00:00-08:00"
system,"",1,1,0,system,"admin
splunk-system-role","admin
splunk-system-role",0,system,"https://127.0.0.1:8089/services/licenser/groups/Lite",0,"","nstone-mbp15",,Lite,"1969-12-31T16:00:00-08:00"
system,"",1,1,0,system,"admin
splunk-system-role","admin
splunk-system-role",0,system,"https://127.0.0.1:8089/services/licenser/groups/Lite_Free",0,"","nstone-mbp15",,"Lite_Free","1969-12-31T16:00:00-08:00"
