author,"eai:acl.app","eai:acl.can_list","eai:acl.can_write","eai:acl.modifiable","eai:acl.owner","eai:acl.perms.read","eai:acl.perms.write","eai:acl.removable","eai:acl.sharing",id,"is_unlimited",label,"max_retention_size",published,quota,"splunk_server",title,type,updated
system,"",1,1,0,system,"admin
splunk-system-role","admin
splunk-system-role",0,system,"https://127.0.0.1:8089/services/licenser/stacks/enterprise",0,"Splunk Internal License DO NOT DISTRIBUTE",0,"",64424509440,"nstone-mbp15",enterprise,enterprise,"1969-12-31T16:00:00-08:00"
system,"",1,1,0,system,"admin
splunk-system-role","admin
splunk-system-role",0,system,"https://127.0.0.1:8089/services/licenser/stacks/forwarder",0,"Splunk Forwarder",0,"",1048576,"nstone-mbp15",forwarder,forwarder,"1969-12-31T16:00:00-08:00"
system,"",1,1,0,system,"admin
splunk-system-role","admin
splunk-system-role",0,system,"https://127.0.0.1:8089/services/licenser/stacks/free",0,"Splunk Free",0,"",524288000,"nstone-mbp15",free,free,"1969-12-31T16:00:00-08:00"
